utility,reliability
-0.06855361000000017,-9.73144639
-0.8056608300000004,-9.6
0.0,-9.83144639
-0.8742144400000007,-9.43144639
-0.2371072200000003,-9.63144639
