utility,reliability
-0.26855361000000016,-9.73144639
-0.8742144400000007,-9.43144639
-0.3371072200000003,-9.63144639
-0.5056608300000005,-9.53144639
