utility,reliability
-0.3371072200000003,-9.63144639
0.0,-9.83144639
-0.8742144400000007,-9.43144639
-0.5056608300000005,-9.53144639
